{"stats":{"minecraft:broken":{"minecraft:stone_pickaxe":1},"minecraft:custom":{"minecraft:interact_with_furnace":31,"minecraft:mob_kills":24,"minecraft:interact_with_crafting_table":20,"minecraft:leave_game":6,"minecraft:time_since_death":59,"minecraft:time_since_rest":106,"minecraft:sprint_one_cm":164776,"minecraft:damage_taken":1677,"minecraft:walk_one_cm":102044,"minecraft:damage_blocked_by_shield":25,"minecraft:drop":9,"minecraft:damage_dealt":3316,"minecraft:swim_one_cm":12805,"minecraft:talked_to_villager":1,"minecraft:fly_one_cm":246200,"minecraft:open_chest":6,"minecraft:crouch_one_cm":10946,"minecraft:play_time":61963,"minecraft:deaths":4,"minecraft:sneak_time":5506,"minecraft:walk_under_water_one_cm":2151,"minecraft:jump":1372,"minecraft:walk_on_water_one_cm":8134,"minecraft:total_world_time":61963,"minecraft:fall_one_cm":40875},"minecraft:used":{"minecraft:cooked_mutton":1,"minecraft:diorite":4,"minecraft:stone_sword":87,"minecraft:stone_pickaxe":131,"minecraft:wooden_pickaxe":38,"minecraft:shield":1,"minecraft:sandstone":5,"minecraft:torch":101,"minecraft:dirt":20,"minecraft:sand":18,"minecraft:crafting_table":4,"minecraft:tuff":2,"minecraft:granite":3,"minecraft:iron_pickaxe":165,"minecraft:gravel":1,"minecraft:stone_axe":33,"minecraft:cobblestone":3,"minecraft:furnace":5,"minecraft:cooked_porkchop":10,"minecraft:andesite":4,"minecraft:cobbled_deepslate":58,"minecraft:gray_wool":1},"minecraft:killed_by":{"minecraft:skeleton":1,"minecraft:zombie":2},"minecraft:killed":{"minecraft:pig":5,"minecraft:creeper":1,"minecraft:skeleton":3,"minecraft:sheep":10,"minecraft:zombie":2,"minecraft:chicken":3},"minecraft:mined":{"minecraft:deepslate_redstone_ore":14,"minecraft:tuff":3,"minecraft:deepslate_diamond_ore":25,"minecraft:crafting_table":4,"minecraft:granite":3,"minecraft:grass_block":6,"minecraft:cobblestone":1,"minecraft:lapis_ore":2,"minecraft:deepslate_gold_ore":22,"minecraft:diorite":3,"minecraft:sandstone":5,"minecraft:wall_torch":1,"minecraft:spawner":1,"minecraft:furnace":4,"minecraft:iron_ore":24,"minecraft:cobbled_deepslate":3,"minecraft:andesite":4,"minecraft:grass":5,"minecraft:oak_log":26,"minecraft:coal_ore":81,"minecraft:deepslate_iron_ore":19,"minecraft:gravel":1,"minecraft:sand":14,"minecraft:dirt":4,"minecraft:stone":27,"minecraft:gold_ore":7,"minecraft:oak_leaves":7,"minecraft:deepslate":77},"minecraft:picked_up":{"minecraft:crafting_table":4,"minecraft:feather":2,"minecraft:chicken":3,"minecraft:andesite":4,"minecraft:wooden_pickaxe":1,"minecraft:tuff":2,"minecraft:oak_log":26,"minecraft:lapis_lazuli":11,"minecraft:dirt":20,"minecraft:bone":2,"minecraft:cobbled_deepslate":74,"minecraft:raw_gold":29,"minecraft:oak_planks":14,"minecraft:egg":1,"minecraft:furnace":4,"minecraft:stick":4,"minecraft:raw_iron":43,"minecraft:sandstone":5,"minecraft:cooked_porkchop":1,"minecraft:torch":4,"minecraft:gravel":1,"minecraft:porkchop":17,"minecraft:sand":18,"minecraft:diorite":4,"minecraft:redstone":62,"minecraft:arrow":1,"minecraft:rotten_flesh":1,"minecraft:diamond":25,"minecraft:granite":4,"minecraft:gray_wool":1,"minecraft:oak_sapling":1,"minecraft:mutton":32,"minecraft:coal":161,"minecraft:white_wool":9,"minecraft:cobblestone":27},"minecraft:dropped":{"minecraft:feather":2,"minecraft:rotten_flesh":1,"minecraft:granite":1,"minecraft:oak_button":1,"minecraft:oak_sapling":1,"minecraft:arrow":1,"minecraft:egg":1,"minecraft:bone":1},"minecraft:crafted":{"minecraft:oak_planks":104,"minecraft:cooked_porkchop":11,"minecraft:crafting_table":1,"minecraft:wooden_pickaxe":1,"minecraft:cooked_chicken":3,"minecraft:furnace":4,"minecraft:stone_axe":1,"minecraft:cooked_mutton":17,"minecraft:air":0,"minecraft:iron_boots":1,"minecraft:iron_chestplate":1,"minecraft:shield":1,"minecraft:stick":40,"minecraft:iron_ingot":27,"minecraft:iron_pickaxe":1,"minecraft:stone_pickaxe":1,"minecraft:stone_sword":1,"minecraft:iron_leggings":1,"minecraft:oak_button":1,"minecraft:torch":108}},"DataVersion":3463}